url,adaptive_support,description,duration,remote_support,test_type
https://www.shl.com/products/product-catalog/view/global-skills-development-report/,Yes,"This report is designed to be given to individuals who have completed the Global Skills Assessment (GSA). With coverage across the Great 8 Domains, this measure of self-reported behaviors offers a complete overview of their current skills. Participants receive actionable tips on leveraging their top skill strengths and how they might develop their growth skills.",0,Yes,"A, E, B, C, D, P"
https://www.shl.com/products/product-catalog/view/net-framework-4-5/,Yes,"The.NET Framework 4.5 test measures knowledge of .NET environment. Designed for experienced users, this test covers the following topics: Application Development, Application Foundation, Data Modeling, Deployment, Diagnostics, Performance, Portability, and Security.",30,Yes,K
https://www.shl.com/products/product-catalog/view/net-mvc-new/,Yes,"Multi-choice test that measures the knowledge of Model-View-Controller (MVC) architecture, validation, security, routing, and areas.",17,Yes,K
https://www.shl.com/products/product-catalog/view/net-mvvm-new/,Yes,"Multi-choice test that measures the knowledge of MVVM pattern, scenarios, data validation, ViewModel communication and Quick-start.",5,Yes,K
https://www.shl.com/products/product-catalog/view/net-wcf-new/,Yes,"Multi-choice test that measures the knowledge of .NET fundamentals, WCF architecture, programming model, SOA, managing and programming WCF.",11,Yes,K
https://www.shl.com/products/product-catalog/view/net-wpf-new/,Yes,"Multi-choice test that measures the knowledge of .NET basics, WPF, XAML controls, events, layouts, working with WPF windows/menus and deploying WPF applications.",9,Yes,K
https://www.shl.com/products/product-catalog/view/net-xaml-new/,Yes,"Multi-choice test that measures the knowledge of XAML triggers, data binding, custom controls and layouts.",5,Yes,K
https://www.shl.com/products/product-catalog/view/accounts-payable-new/,Yes,"Multiple-choice test that measures the knowledge of processing payables and vendor invoices, and the posting of journal entries.",9,Yes,K
https://www.shl.com/products/product-catalog/view/accounts-payable-simulation-new/,Yes,Simulated data entry test that measures the ability to process payables and vendor invoices.,8,Yes,S
https://www.shl.com/products/product-catalog/view/accounts-receivable-new/,Yes,Multiple-choice test that measures the knowledge of processing receivables and invoices.,13,Yes,K
https://www.shl.com/products/product-catalog/view/accounts-receivable-simulation-new/,Yes,Simulated data entry test that measures the ability to process receivables and invoices.,8,Yes,S
https://www.shl.com/products/product-catalog/view/ado-net-new/,Yes,"Multi-choice test that measures the knowledge on the concepts of ADO.NET architecture, components and data provider objects.",10,Yes,K
https://www.shl.com/products/product-catalog/view/adobe-experience-manager-new/,Yes,"Multi-choice test that measures the knowledge of AEM components, templates, workflows, AEM collections, OSGi services and troubleshooting of AEM projects.",17,Yes,K
https://www.shl.com/products/product-catalog/view/adobe-photoshop-cc/,Yes,"The Adobe Photoshop CC test measures knowledge of Adobe Photoshop CC. Designed for experienced users, this test covers the following topics: 3D, Color, File Management, Interface, Layers, Painting and Drawing, Retouch and Enhancements, Selection, Text, and Web.",20,Yes,K
https://www.shl.com/products/product-catalog/view/aeronautical-engineering-new/,Yes,"Multi-choice test that measures the knowledge of flight mechanics, space dynamics, aerodynamics, structures and propulsion.",10,Yes,K
https://www.shl.com/products/product-catalog/view/aerospace-engineering-new/,Yes,"Multi-choice test that measures the conceptual knowledge of aerodynamics, aircraft systems and instrumentation, flight dynamics, space dynamics and avionics.",10,Yes,K
https://www.shl.com/products/product-catalog/view/agile-software-development/,Yes,"Multi-choice test that measures the knowledge of agile methodology, scrum, feature driven software development, incremental and iterative development and processes involved in agile software development.",7,Yes,K
https://www.shl.com/products/product-catalog/view/agile-testing-new/,Yes,"Multi-choice test that measures the knowledge of tools, techniques and processes involved in the Agile testing methodology.",13,Yes,K
https://www.shl.com/products/product-catalog/view/ai-skills/,Yes,The AI Skills assessment measures the skills that help candidates successfully leverage AI in their work.,16,Yes,P
https://www.shl.com/products/product-catalog/view/amazon-web-services-aws-development-new/,Yes,"Multi-choice test that measures the knowledge of AWS delivery process, monitoring, metrics, logging, security, validation and scalability.",6,Yes,K
https://www.shl.com/products/product-catalog/view/android-development-new/,Yes,"Multi-choice test that measures the knowledge of UI components for an Android device, services and alerts, animation and media apps, application components, security and testing.",7,Yes,K
https://www.shl.com/products/product-catalog/view/angular-6-new/,Yes,"Multi-choice test that measures the knowledge of the basic components and modules of Angular 6 and concepts like data binding, dependency injection, CRUD with HTTP, typescript, routing and navigation.",11,Yes,K
https://www.shl.com/products/product-catalog/view/angularjs-new/,Yes,"Multi-choice test that measures the knowledge of AngularJS architecture, forms, directives, filters, controllers, routing and testing.",9,Yes,K
https://www.shl.com/products/product-catalog/view/apache-hadoop-new/,Yes,"Multi-choice test that measures the knowledge of basic concepts of Hadoop, commands, HDFS and MapReduce.",7,Yes,K
https://www.shl.com/products/product-catalog/view/apache-hadoop-extensions-new/,Yes,"Multi-choice test that measures the conceptual knowledge of Pig, Hive and HBase.",9,Yes,K
https://www.shl.com/products/product-catalog/view/apache-hbase-new/,Yes,"Multi-choice test that measures the knowledge of HBase concepts such as CAP theorem, ACID properties, HBase client API, MapReduce integration, configuration and administration.",5,Yes,K
https://www.shl.com/products/product-catalog/view/apache-hive-new/,Yes,"Multi-choice test that measures the knowledge of Hive architecture, datatypes, built-in functions, configurations, partitioning, bucketing and commands of Hive query language.",5,Yes,K
https://www.shl.com/products/product-catalog/view/apache-kafka-new/,Yes,"Multi-choice test that measures the knowledge of Apache Kafka architecture, components, clusters, performance tuning and advanced operations.",6,Yes,K
https://www.shl.com/products/product-catalog/view/apache-pig-new/,Yes,"Multi-choice test that measures the knowledge of Pig architecture, built-in operators, built-in functions and commands in PigLatin.",6,Yes,K
https://www.shl.com/products/product-catalog/view/apache-spark-new/,Yes,"Multi-choice test that measures the knowledge of Apache Spark principles, RDD operations - actions and transformations, lineage graphs and lazy evaluation.",8,Yes,K
https://www.shl.com/products/product-catalog/view/asp-net-with-c-new/,Yes,"Multi-choice test that measures the knowledge of .NET framework and controls, C# fundamentals, OOPs concepts and advanced topics such as data access components, state management and security services.",13,Yes,K
https://www.shl.com/products/product-catalog/view/asp-net-4-5/,Yes,"The ASP.NET 4.5 test measures knowledge of programming in the ASP.NET environment. Designed for experienced developers, but an average performer in this role should pass this test. This test includes the following topics: .NET Framework, Client-Side Programming, Data Access, Enhanced Runtime Features, Portals, Services and Mobile, Security, Troubleshooting and Optimization, Web Applications, and Web Forms.",30,Yes,K
https://www.shl.com/products/product-catalog/view/assessment-and-development-center-exercises/,Yes,"SHL offers a comprehensive range of Assessment and Development Centre exercise in digital format, for remote assessment through our Virtual Assessment and Development Centre platform.We offer a wide range of exercise types including group exercise, role plays, analysis presentations and written exercises.Exercises are available across a wide range of job levels and industry contexts.Contact SHL to find out more.",0,Yes,E
https://www.shl.com/products/product-catalog/view/automata-fix-new/,Yes,"A simulated compiler integrated test to measure debugging skills in C, C++ and Java. The test checks the ability to fix logical or syntactical errors and to reuse an existing code.Your use of this assessment product may be subject to New York City Law 144 (Regulation of the Use of Automated Employment Decision Tools) (dated July 5, 2023). Compliance with Law 144 is your responsibility.
Read more on https://www.shl.com/legal/shl-us-regulatory-compliance/",20,Yes,S
https://www.shl.com/products/product-catalog/view/automata-sql-new/,Yes,"A simulated query writing test that measures the ability to write SQL queries to perform DDL, DML and DCL tasks.",30,Yes,S
https://www.shl.com/products/product-catalog/view/automata-new/,Yes,"An AI-powered coding simulation assessment that evaluates candidate’s programming ability. Offers a familiar IDE environment available in over 40 different programming languages and tests candidates using real-world coding problems.Your use of this assessment product may be subject to New York City Law 144 (Regulation of the Use of Automated Employment Decision Tools) (dated July 5, 2023). Compliance with Law 144 is your responsibility.
Read more on https://www.shl.com/legal/shl-us-regulatory-compliance/",45,Yes,S
https://www.shl.com/products/product-catalog/view/automata-data-science-new/,Yes,A simulated test that measures the ability to analyze and modify data using machine learning algorithms to obtain desirable results.,60,Yes,S
https://www.shl.com/products/product-catalog/view/automata-data-science-pro-new/,Yes,A simulated test that measures the ability to analyze and modify data using machine learning algorithms to obtain desirable results.,60,Yes,S
https://www.shl.com/products/product-catalog/view/automata-front-end/,Yes,"Simulation based test that measures the front-end development capabilities using HTML, CSS, and
JavaScript. The candidate is provided with 3 different sections to code in HTML, CSS and JavaScript respectively and a separate output section to view the output. This simulation is then manually scored.",30,Yes,S
https://www.shl.com/products/product-catalog/view/automata-pro-new/,Yes,"An AI-powered coding simulation assessment that evaluates candidate’s programming ability. Offers a familiar IDE environment available in over 40 different programming languages and tests candidates using real-world coding problems.Your use of this assessment product may be subject to New York City Law 144 (Regulation of the Use of Automated Employment Decision Tools) (dated July 5, 2023). Compliance with Law 144 is your responsibility.
Read more on https://www.shl.com/legal/shl-us-regulatory-compliance/",60,Yes,S
https://www.shl.com/products/product-catalog/view/automata-selenium/,Yes,A coding simulation assessment that evaluates the ability to conduct tasks related to automation testing using Selenium scripts.,60,Yes,S
https://www.shl.com/products/product-catalog/view/automation-anywhere-rpa-development-new/,Yes,"Multi-choice test that measures the knowledge of Automation Anywhere dash board and task editor, control room, key commands, bots and Automation Anywhere client.",8,Yes,K
https://www.shl.com/products/product-catalog/view/automotive-engineering-new/,Yes,"Multi-choice test that measures the knowledge of auto engine classification, engine fuel system, auto-vehicle technology, maintenance, inspection and troubleshooting.",13,Yes,K
https://www.shl.com/products/product-catalog/view/basic-biology-new/,Yes,Multi choice test that measures the candidate's basic understanding of Biology.,6,Yes,K
https://www.shl.com/products/product-catalog/view/basic-computer-literacy-windows-10-new/,Yes,"The Basic Computer Literacy (Windows 10) simulation measures knowledge of general computer terminology, processes, and applications and the ability to perform certain operations in a simulated environment resembling the actual application. This simulation consists of both multiple choice and simulation-based questions, and includes the following topics: Application Software, Computer Terms, Internet and Email, Managing Files, Operating System, and Parts of the Computer.",30,Yes,"S, K"
https://www.shl.com/products/product-catalog/view/basic-statistics-new/,Yes,"Multi-choice test that measures the knowledge of statistical methods, exploratory analysis, basics of probability, standard distributions and statistical testing.",10,Yes,K
https://www.shl.com/products/product-catalog/view/biochemistry-new/,Yes,"Multi-choice test that measures the knowledge of various bio-molecules like amino acids, proteins, enzymes, carbohydrates, vitamins and nucleic acids, and concepts of bioenergetics and metabolism.",8,Yes,K
https://www.shl.com/products/product-catalog/view/biotech-lab-techniques-new/,Yes,"Multi-choice test that measures the knowledge of biophysical techniques, bio-processing and separation techniques like chromatography and electrophoresis.",5,Yes,K
https://www.shl.com/products/product-catalog/view/biztalk-new/,Yes,"Multi-choice test that measures the knowledge of BizTalk architecture, pipelines, adapters, business process techniques and BizTalk administration.",16,Yes,K
https://www.shl.com/products/product-catalog/view/business-communication-adaptive/,Yes,"This is an adaptive test that measures knowledge of communicating in the workplace. It measures the skills necessary to communicate effectively with coworkers at all levels and with external business contacts. Designed for the average business worker, this test includes the following topics: Electronic Communication, Employment Communication, Listening, Meetings, Nonverbal Communication, Verbal Communication, and Written Communication.",24,Yes,K
https://www.shl.com/products/product-catalog/view/business-communications/,Yes,"This test measures the candidate's knowledge of communicating in the workplace.  It measures the skills necessary to communicate effectively with coworkers at all levels and with external business contacts. Designed for the average business worker, this test includes the following topics: Electronic Communication, Employment Communication, Listening, Meetings, Nonverbal Communication, Verbal Communication, and Written Communication. This version of the test is not adaptive.",35,Yes,K
https://www.shl.com/products/product-catalog/view/c-programming-new/,Yes,"Multi-choice test that measures the knowledge of C programming basics, functions, arrays, composed data types, and advanced C concepts like SLF, file handling and dynamic memory.",10,Yes,K
https://www.shl.com/products/product-catalog/view/c-programming-new-4039/,Yes,"Multi-choice test that measures the knowledge of C# programming structure, functions, collections, enumeration, exception handling, OOPs constructs, inheritance, event handling and operator overloading.",9,Yes,K
https://www.shl.com/products/product-catalog/view/c-programming-new-4122/,Yes,Multi-choice test that measures the knowledge of programming in the C++ language and the ability to use the C++ standard library to write code.,10,Yes,K
https://www.shl.com/products/product-catalog/view/cardiology-and-diabetes-management-new/,Yes,"Multi-choice test that measures the knowledge of how to control and manage cardiovascular diseases and diabetes, and understanding of the diagnostic tests used for them.",4,Yes,K
https://www.shl.com/products/product-catalog/view/ceramic-engineering-new/,Yes,"Multi-choice test that measures the knowledge of classification of ceramic materials, production of ceramics and thermodynamics.",12,Yes,K
https://www.shl.com/products/product-catalog/view/chemical-engineering-new/,Yes,"Multi-choice test that measures the conceptual knowledge of transport phenomena, chemical process engineering and technology, chemical process principles, stoichiometry and process calculations.",13,Yes,K
https://www.shl.com/products/product-catalog/view/cisco-appdynamics-new/,Yes,"Multi-choice test that measures the knowledge of application analytics, performance management, and AppDynamics essentials like controller UI, custom dashboard, reports and monitoring.",9,Yes,K
https://www.shl.com/products/product-catalog/view/civil-engineering-new/,Yes,"Multi-choice test that measures the knowledge of structural engineering, transportation engineering, surveying, geotechnical engineering and water resources engineering.",10,Yes,K
https://www.shl.com/products/product-catalog/view/cloud-computing-new/,Yes,"Multi-choice test that measures the knowledge of cloud computing concepts, cloud service models, virtualization and private clouds.",8,Yes,K
https://www.shl.com/products/product-catalog/view/cobol-programming-new/,Yes,"Multi-choice test that measures the knowledge of COBOL programming fundamentals, programming structure and different types of application processing.",10,Yes,K
https://www.shl.com/products/product-catalog/view/computer-science-new/,Yes,"Multi-choice test that measures the knowledge of operating system, computer architecture, DBMS and basics of computer networks and communication.",12,Yes,K
https://www.shl.com/products/product-catalog/view/contact-center-call-simulation-new/,Yes,Simulation based test that measures the ability to handle customer concerns over a call by referring to standard process documents. It also measures typing and documentation skills.,15,Yes,S
https://www.shl.com/products/product-catalog/view/conversational-multichat-simulation/,Yes,"This is a simulation-based test that measures the ability to handle customer concerns over multiple chats by referring to standard process documents. It provides an open-ended chat environment that assesses the candidate’s skills in a real job setting. Candidates are scored based on whether they resolved the customer’s query, the amount of time taken, and the correct use of vocabulary and grammar in their response.",11,Yes,S
https://www.shl.com/products/product-catalog/view/core-java-advanced-level-new/,Yes,"Multi-choice test that measures the knowledge of basic Java constructs, OOP concepts, files and exception handling, and advanced Java concepts like generics, collections, threads, strings and concurrency.",13,Yes,K
https://www.shl.com/products/product-catalog/view/core-java-entry-level-new/,Yes,"Multi-choice test that measures the knowledge of basic Java constructs, OOP concepts, file handling, exception handling, threads, generic class and inner class.",13,Yes,K
https://www.shl.com/products/product-catalog/view/count-out-the-money/,Yes,The Count out the Money –US test measures a candidate’s money handling ability. This test is designed for entry-level positions where handling money is required on a regular basis.,5,Yes,"K, S"
https://www.shl.com/products/product-catalog/view/css3-new/,Yes,Multi-choice test that measures the knowledge of CSS3 and its application in providing style to web documents.,8,Yes,K
https://www.shl.com/products/product-catalog/view/culinary-skills-new/,Yes,"Multi-choice test that measures the knowledge of cooking principles, cooking equipment, meal preparation and presentation, and kitchen safety.",7,Yes,K
https://www.shl.com/products/product-catalog/view/customer-service-phone-simulation/,Yes,"As part of Contact Center Simulations, the Customer Service Phone Simulation is designed for entry-level positions in a contact center environment. Sample tasks for these jobs include: verify the customer or account; take ownership of customer issues; interact with customers to provide information; respond positively to difficult, irate, or confused customers; listen attentively to callers; resolve calls in a timely manner; navigate within multiple information menus to view customer account details and process information; and type information quickly and accurately. Potential job titles that use this solution are: Call Center Representative, Contact Center Representative, Contact Center Agent, Customer Service Agent, Customer Service Representative, and Customer Advocate.""Please note that for Simplified Chinese version the audio is available in both Mandarin and Cantonese.""",20,Yes,"B, S"
https://www.shl.com/products/product-catalog/view/customer-service-phone-solution/,Yes,"As part of Contact Center Simulations, the Customer Service Phone Solution includes a contact center simulation and two behavioral tests designed to measure a wide range of skills, competencies, and behavioral tendencies relevant for contact center jobs. The Contact Center Simulation provides an opportunity for candidates to interact with simulated customers in a contact center environment. Designed to measure a candidate’s ability to listen attentively to the customer, take ownership of customer issues, resolve issues, navigate to find information, and enter information accurately, the Contact Center Simulation is intended to measure how a candidate will respond in a variety of customer situations and assess the candidate’s computer skills in a contact center setting. The behavioral tests in this solution are intended to measure the candidate’s learning potential and the tendency to meet goals and work hard, even when faced with obstacles. Collectively, the assessments in this solution measure a wide range of important skills, abilities, and behaviors for entry-level contact center roles.""Please note that for Simplified Chinese version the audio is available in both Mandarin and Cantonese.""",30,Yes,"B, P, S"
https://www.shl.com/products/product-catalog/view/cyber-risk-new/,Yes,"Multi-choice test that measures the knowledge of cyber risk management, system and application security, network security and security management.",9,Yes,K
https://www.shl.com/products/product-catalog/view/data-entry-new/,Yes,Simulated data entry test that measures the ability to accurately transcribe data from pre-filled forms and the ability to verify pre-filled data.,4,Yes,S
https://www.shl.com/products/product-catalog/view/data-entry-alphanumeric-split-screen-us/,Yes,"The Data Entry Alphanumeric Split Screen - US assessment measures speed and accuracy at typing text and numbers into forms. The information includes business-related text and numbers such as invoice number, address, product number and amount. The test assesses for speed and accuracy.",5,Yes,K
https://www.shl.com/products/product-catalog/view/data-entry-numeric-split-screen-us/,Yes,"The Data Entry Numeric Split Screen - US assessment measures speed and accuracy at typing numbers into forms. The information candidates must enter includes business-related records including number fields such as customer number, order number, item number and quantity. Candidates may use either the keyboard's numeric keypad or the number keys at the top of the keyboard.",5,Yes,K
https://www.shl.com/products/product-catalog/view/data-entry-ten-key-split-screen/,Yes,Data Entry Ten Key Split Screen assessment measures ability to enter numbers using a numeric keypad. The test measures accuracy and speed.,3,Yes,K
https://www.shl.com/products/product-catalog/view/data-science-new/,Yes,"Multi-choice test that measures the conceptual knowledge on how to use machine learning to analyze data, extract information, draw conclusions and make statistically-driven decisions.",14,Yes,K
https://www.shl.com/products/product-catalog/view/data-warehousing-concepts/,Yes,"The Data Warehousing Concepts test measures knowledge of Data Warehousing. Designed for experienced users, this test covers the following topics: Big Data and Data Warehouse Appliance, Business Considerations, Data Transformation, Data Warehousing and Data Marts, Design, Dimensional Data Model, On Line Analytical Processing (OLAP), Querying and Reporting/Data Extraction.",25,Yes,K
https://www.shl.com/products/product-catalog/view/dependability-and-safety-instrument-dsi/,Yes,"The DSI is a short pre-screening tool for many key entry-level roles. It is designed to identify potential employees who will have good dependability and reliability, and who are less likely to engage in counter-productive work behaviors.

Note: Turkish [end June 2012] and Romanian [end May 2013] are on limited beta relase",10,Yes,P
https://www.shl.com/products/product-catalog/view/dermatology-new/,Yes,"Multi-choice test that measures the knowledge of various diseases related to skin, their symptoms, the drugs used to treat them, and different terminologies used in the field of dermatology.",3,Yes,K
https://www.shl.com/products/product-catalog/view/desktop-support-new/,Yes,"Multi-choice test that measures the knowledge of networking, peripheral components, operating systems, troubleshooting and providing technical support.",8,Yes,K
https://www.shl.com/products/product-catalog/view/digital-advertising-new/,Yes,Multi-choice test that measures the candidate's knowledge about use of AdWords and tools to analyze ad performance on digital media.,7,Yes,K
https://www.shl.com/products/product-catalog/view/digital-readiness-development-report/,Yes,"This participant-oriented report is aimed at individual contributors (non-managerial) and summarizes the way that they have described their typical style at work and is interpreted against SHL's Digital Readiness Framework. The report describes the way the person typically behaves, rather than their actual skill levels. It gives an indication of the individual's likely strengths in each area and makes suggestions for development activities, based upon the information gained from the
questionnaire.Note: this report is specifically aimed at Individual Contributors. A version designed for Managers is also available (seeDigital Readiness Report - Managers).",0,Yes,P
https://www.shl.com/products/product-catalog/view/digital-readiness-development-report-manager/,Yes,"This participant-oriented report is aimed employees with management responsibilities and summarizes the way that they have described their typical style at work and is interpreted against SHL's Digital Readiness Framework. The report describes the way the person typically behaves, rather than their actual skill levels. It gives an indication of the individual's likely strengths in each area and makes suggestions for development activities, based upon the information gained from the
questionnaire.Note: this report is specifically aimed at managers. A version designed for individual contributors is also available (seeDigital Readiness Report - IC).",0,Yes,P
https://www.shl.com/products/product-catalog/view/docker-new/,Yes,"Multi-choice test that measures the knowledge of Docker container, data management, Docker performance and swarm.",10,Yes,K
https://www.shl.com/products/product-catalog/view/dojo-new/,Yes,"Multi-choice test that measures the knowledge of Dojo architecture, classes and libraries, styles, animation and Dojo queries.",11,Yes,K
https://www.shl.com/products/product-catalog/view/drupal-new/,Yes,"Multi-choice test that measures the knowledge of Drupal setup, content management, user interface, module development and security.",17,Yes,K
https://www.shl.com/products/product-catalog/view/dsi-v1-1-interpretation-report/,Yes,DSI v1.1 Interpretation Report,0,Yes,P
https://www.shl.com/products/product-catalog/view/econometrics-new/,Yes,"Multi-choice test that measures the knowledge of statistical concepts, exploratory analysis and statistical testing required to analyze economic data.",11,Yes,K
https://www.shl.com/products/product-catalog/view/economics-new/,Yes,"Multi-choice test that measures the conceptual knowledge of microeconomics, macroeconomics and international trade.",13,Yes,K
https://www.shl.com/products/product-catalog/view/electrical-and-electronics-engineering-new/,Yes,"Multi-choice test that measures the candidate’s knowledge and understanding on fundamentals of electrical engineering, instrumentation and control system and electronics.",14,Yes,K
https://www.shl.com/products/product-catalog/view/electrical-engineering-new/,Yes,"Multi-choice test that measures the knowledge of basic electrical engineering, electrical machines, power systems, instrumentation, control systems and basic concepts of electronics.",8,Yes,K
https://www.shl.com/products/product-catalog/view/electronics-and-telecommunications-engineering-new/,Yes,"Multi-choice test that measures the candidate’s knowledge and understanding on semiconductors and semiconductor devices, analog and digital electronics, communication, electromagnetism and microwave engineering.",15,Yes,K
https://www.shl.com/products/product-catalog/view/electronics-and-embedded-systems-engineering-new/,Yes,"Multi-choice test that measures the candidate’s knowledge and understanding on concepts like embedded systems and, analog and digital electronics.",18,Yes,K
https://www.shl.com/products/product-catalog/view/electronics-and-semiconductor-engineering-new/,Yes,"Multi-choice test that measures the knowledge of semiconductors, two terminal and three terminal devices, analog electronics, digital electronics and basics of VLSI.",7,Yes,K
https://www.shl.com/products/product-catalog/view/english-comprehension-new/,Yes,"Multiple-choice test that measures vocabulary, grammar and reading comprehension skills.",0,Yes,K
https://www.shl.com/products/product-catalog/view/enterprise-java-beans-new/,Yes,"Multi-choice test that measures the knowledge of enterprise Java beans (EJB), types of EJB, transactions and concurrency.",4,Yes,K
https://www.shl.com/products/product-catalog/view/enterprise-leadership-report/,Yes,"Assess and benchmark your leaders against enterprise leadership - the model for leader impact to drive business results in a complex work environment.
For more information, visit: 
https://www.shl.com/en/solutions/identify-develop-leaders/enterprise-leadership/ .",0,Yes,P
https://www.shl.com/products/product-catalog/view/enterprise-leadership-report-2-0/,Yes,"Assess and benchmark your leaders against enterprise leadership - the model for leader impact to drive business results in a complex work environment.
For more information, visit: 
https://www.shl.com/en/solutions/identify-develop-leaders/enterprise-leadership/ .",0,Yes,P
https://www.shl.com/products/product-catalog/view/entry-level-cashier-solution/,Yes,"The Precise Fit Entry Level Cashier Solution is for entry-level retail positions in which employees receive payment in the form of cash, check, or credit cards for goods purchased. Sample tasks for these jobs include, but are not limited to: handling payments, offering customer service, and issuing receipts and refunds.Report Language Availability:English (USA)",19,Yes,"C, P"
https://www.shl.com/products/product-catalog/view/entry-level-customer-serv-retail-and-contact-center/,Yes,"The Precise Fit Entry Level Customer Service Solution (Retail/Contact Center) is for entry-level positions in which employees interact with customers by providing information or carrying out customer requests related to an organizations products or services. Sample tasks for these jobs include, but are not limited to: interacting with customers on the phone or in person; taking orders; solving product or service issues; and responding positively to difficult or irate customers.Report Language Availability:English (USA)",19,Yes,"P, C"
https://www.shl.com/products/product-catalog/view/entry-level-customer-service-general-solution/,Yes,"The Precise Fit Entry Level Customer Service Solution (General) is for a wide range of entry-level positions where employees are expected to interact with customers when carrying out critical tasks of the job. This includes positions that require frequent interactions with customers, or positions where customer service is not central to the role, but is still essential for successful performance on the job. Sample tasks for these jobs include, but are not limited to: interacting with customers on the phone to provide information; taking orders; solving product or service issues; and responding positively to difficult or irate customers.Report Language Availability:English (USA)",14,Yes,"C, P"
https://www.shl.com/products/product-catalog/view/entry-level-hotel-front-desk-solution/,Yes,"The Precise Fit Entry Level Hotel Front Desk Solution is for entry-level customer service positions in the hospitality industry. The solution is appropriate for positions in which the majority of the work is done at the front or guest check-in desk. Sample tasks may include: welcoming guests warmly, issuing keys to guests, and accepting payment.Report Language Availability:English (USA)",20,Yes,"C, P"
https://www.shl.com/products/product-catalog/view/entry-level-sales-solution/,Yes,"The Precise Fit Entry Level Sales Roles Solution is for entry-level positions in which employees proactively sell products or services to customers and have their compensation and/or performance based on sales revenue. Sample tasks for these jobs include, but are not limited to: promoting products to customers, persuading customers to buy products, and completing a transaction with a customer.Report Language Availability:English (USA)",20,Yes,"C, P"
https://www.shl.com/products/product-catalog/view/entry-level-technical-support-solution/,Yes,"The Precise Fit Entry Level Technical Support Solution is for entry-level positions in which employees provide technical assistance to computer users in a contact center environment. Sample tasks for these jobs include, but are not limited to: answer questions or resolve computer problems for clients in person, via telephone, or electronically, provide assistance concerning the use of computer hardware and software, including printing, installation, word processing, electronic mail, and
operating systems.Report Language Availability:English (USA)",18,Yes,"P, C"
https://www.shl.com/products/product-catalog/view/etl-testing-new/,Yes,"Multi-choice test that measures the knowledge of ETL architecture, data warehousing, dimensions, DBMS concepts like data manipulation, constraints, ETL testing and tools required for testing.",9,Yes,K
https://www.shl.com/products/product-catalog/view/executive-scenarios/,Yes,"Executive Scenarios is a unique test of Managerial Judgement - an individual’s ability to decide on effective ways of handling real life situations. It is specifically designed to assess judgement in Executives; a group who typically has significant work experience to draw on. It consists of hypothetical scenarios, each followed by several possible responses. Candidates rate the effectiveness of each response, using a 6-point scale, from highly undesirable to highly desirable. It can be used for recruitment, selection, training and development, performance management and coaching in a variety of functions and industries.

Reports available: 

Executive Scenarios Narrative Report:  A participant focused report that contains;  
 - Executive Scenarios profile
 - VERY detailed narrative feedback of each of the 4 scales;  Managerial Judgement, Managing Objectives, People Management and Reputation Management.
 - Development tips for each of the 6 style scales;  Leading and Managing the work, Using external help, One-to-one, Workforce, Organisational support, Commercial support.

Executive Scenarios Profile: Displays all scores on these scales in terms of four types of norm system; T-scores, Percentiles, Stens and Grades.",0,Yes,B
https://www.shl.com/products/product-catalog/view/executive-scenarios-narrative-report/,Yes,"Executive Scenarios is a unique test of Managerial Judgement - an individual’s ability to decide on effective ways of handling real life situations. It is specifically designed to assess judgement in Executives; a group who typically has significant work experience to draw on. It consists of hypothetical scenarios, each followed by several possible responses. Candidates rate the effectiveness of each response, using a 6-point scale, from highly undesirable to highly desirable. It can be used for recruitment, selection, training and development, performance management and coaching in a variety of functions and industries.

Reports available: 

Executive Scenarios Narrative Report:  A participant focused report that contains;  
 - Executive Scenarios profile
 - VERY detailed narrative feedback of each of the 4 scales;  Managerial Judgement, Managing Objectives, People Management and Reputation Management.
 - Development tips for each of the 6 style scales;  Leading and Managing the work, Using external help, One-to-one, Workforce, Organisational support, Commercial support.

Executive Scenarios Profile: Displays all scores on these scales in terms of four types of norm system; T-scores, Percentiles, Stens and Grades.",0,Yes,B
https://www.shl.com/products/product-catalog/view/executive-scenarios-profile-report/,Yes,"Executive Scenarios is a unique test of Managerial Judgement - an individual’s ability to decide on effective ways of handling real life situations. It is specifically designed to assess judgement in Executives; a group who typically has significant work experience to draw on. It consists of hypothetical scenarios, each followed by several possible responses. Candidates rate the effectiveness of each response, using a 6-point scale, from highly undesirable to highly desirable. It can be used for recruitment, selection, training and development, performance management and coaching in a variety of functions and industries.

Reports available: 

Executive Scenarios Narrative Report:  A participant focused report that contains;  
 - Executive Scenarios profile
 - VERY detailed narrative feedback of each of the 4 scales;  Managerial Judgement, Managing Objectives, People Management and Reputation Management.
 - Development tips for each of the 6 style scales;  Leading and Managing the work, Using external help, One-to-one, Workforce, Organisational support, Commercial support.

Executive Scenarios Profile: Displays all scores on these scales in terms of four types of norm system; T-scores, Percentiles, Stens and Grades.",0,Yes,B
https://www.shl.com/products/product-catalog/view/expressjs-new/,Yes,"Multi-choice test that measures the knowledge of routing, error handling, security, middleware and performance & reliability in ExpressJS.",7,Yes,K
https://www.shl.com/products/product-catalog/view/filing-names-r1/,Yes,This test measures ability to sort names in alphabetical order. Test takers are shown a graphical display of four folder tabs -- three contain alphabetized names and one is blank. The test taker is required to select the name from a list that belongs on the blank tab.,3,Yes,K
https://www.shl.com/products/product-catalog/view/filing-numbers/,Yes,"This test measures ability to sort items in numerical order. Test takers are shown a graphical display of four folder tabs -- three contain numbers and one is blank, and all are sorted in numeric order. The test taker is required to select the number from a list that belongs on the blank tab.",3,Yes,K
https://www.shl.com/products/product-catalog/view/financial-accounting-new/,Yes,"Multi-choice test that measures the ability to post journal entries, classify items into assets and liabilities, analyze financial statements and calculate financial ratios.",9,Yes,K
https://www.shl.com/products/product-catalog/view/financial-and-banking-services-new/,Yes,"Multi-choice test that measures the knowledge of investment products, banking products, taxation and principles of Macroeconomics.",9,Yes,K
https://www.shl.com/products/product-catalog/view/fire-engineering-new/,Yes,"Multi-choice test that measures the knowledge of fire engineering principles, basic workplace safety and safety management.",10,Yes,K
https://www.shl.com/products/product-catalog/view/following-instructions-v1-uk-r1/,Yes,This test measures a candidate's ability to follow detailed instructions and then select the correct course of action. Candidates are presented with a set of rules and need to choose the appropriate response for various situations based on the rules given.,8,Yes,K
https://www.shl.com/products/product-catalog/view/following-instructions-v1-us-r2/,Yes,This test measures a candidate's ability to follow detailed instructions and then select the correct course of action. Test takers are presented with a set of rules and need to choose the appropriate response for various situations based on the rules given.,8,Yes,K
https://www.shl.com/products/product-catalog/view/food-and-beverage-services-new/,Yes,"Multi-choice test that measures the knowledge of meal planning, service preparation, types of service equipment, and types of beverages.",7,Yes,K
https://www.shl.com/products/product-catalog/view/food-science-new/,Yes,"Multi-choice test that measures the knowledge of food chemistry, nutrition, food microbiology, food engineering and food product technology.",6,Yes,K
https://www.shl.com/products/product-catalog/view/front-office-management-new/,Yes,Multi-choice test that measures the knowledge of front office operations.,7,Yes,K
https://www.shl.com/products/product-catalog/view/fundamentals-of-chemistry-new/,Yes,"Multi-choice test that measures the knowledge of physical chemistry, inorganic chemistry and organic chemistry.",8,Yes,K
https://www.shl.com/products/product-catalog/view/fundamentals-of-physics-new/,Yes,"Multi-choice test that measures the knowledge of classical mechanics, Newton's laws of motion, electromagnetism, EM waves, thermodynamics and modern physics.",8,Yes,K
https://www.shl.com/products/product-catalog/view/general-diseases-new/,Yes,"Multi-choice test that measures the knowledge of common diseases of ear, nose, throat and teeth, their symptoms, drugs used to treat them and various drugs used to relieve pain.",5,Yes,K
https://www.shl.com/products/product-catalog/view/geoinformatics-engineering-new/,Yes,"Multi-choice test that measures the knowledge of remote sensing, digital image processing, digital photogrammetry, planning and surveying, geology, GIS and drilling Engineering.",10,Yes,K
https://www.shl.com/products/product-catalog/view/geoscience-engineering-new/,Yes,"Multi-choice test that measures the knowledge of exploration geology, soil mechanics, rock mechanics, geophysical investigation, geological surveying.",8,Yes,K
https://www.shl.com/products/product-catalog/view/git-new/,Yes,Multi-choice test that measures the knowledge of how to use GIT for version control.,13,Yes,K
https://www.shl.com/products/product-catalog/view/global-skills-assessment/,Yes,The Global Skills Assessment (GSA) is an assessment used to measure 96 discrete skills/behaviors. These 96 skill scores are directly aligned to the most discrete level of SHL’s Universal Competency Framework (UCF). The GSA measures self-reported behaviors an individual currently engages in. A person’s skills (sets of behavior) are malleable and may change over time. SHL utilizes GSA scores to understand what the participant reports they can do today.,16,Yes,"C, K"
https://www.shl.com/products/product-catalog/view/graduate-scenarios/,Yes,"Graduate Scenarios is a unique test of Managerial Judgement - an individual’s ability to decide on effective ways of handling real life situations. It is specifically designed to assess judgement in graduates; a group who typically has limited work experience to draw on. It consists of hypothetical scenarios, each followed by several possible responses. Candidates rate the effectiveness of each response, using a 6-point scale, from highly undesirable to highly desirable. It can be used for recruitment, selection, training and development, performance management and coaching in a variety of functions and industries.

Reports available:

Graduate Scenarios Narrative Report:  A participant focused report that contains;  
 - Graduate Scenarios profile
 - Feedback report (with development tips) breaking down the overall Managerial judgement results into each of the 3 sub-scales; Managing Objectives, People Management and Corporate Management.

Graduate Scenarios Profile:  Displays all scores on these scales in terms of four types of norm system; T-scores, Percentiles, Stens and Grades.",0,Yes,B
https://www.shl.com/products/product-catalog/view/graduate-scenarios-narrative-report/,Yes,"Graduate Scenarios is a unique test of Managerial Judgement - an individual’s ability to decide on effective ways of handling real life situations. It is specifically designed to assess judgement in graduates; a group who typically has limited work experience to draw on. It consists of hypothetical scenarios, each followed by several possible responses. Candidates rate the effectiveness of each response, using a 6-point scale, from highly undesirable to highly desirable. It can be used for recruitment, selection, training and development, performance management and coaching in a variety of functions and industries. 

Reports available: 

Graduate Scenarios Narrative Report: A participant focused report that contains; 
- Graduate Scenarios profile 
- Feedback report (with development tips) breaking down the overall Managerial judgement results into each of the 3 sub-scales; Managing Objectives, People Management and Corporate Management. 

Graduate Scenarios Profile: Displays all scores on these scales in terms of four types of norm system; T-scores, Percentiles, Stens and Grades.",0,Yes,B
https://www.shl.com/products/product-catalog/view/graduate-scenarios-profile-report/,Yes,"Graduate Scenarios is a unique test of Managerial Judgement - an individual’s ability to decide on effective ways of handling real life situations. It is specifically designed to assess judgement in graduates; a group who typically has limited work experience to draw on. It consists of hypothetical scenarios, each followed by several possible responses. Candidates rate the effectiveness of each response, using a 6-point scale, from highly undesirable to highly desirable. It can be used for recruitment, selection, training and development, performance management and coaching in a variety of functions and industries. 

Reports available: 

Graduate Scenarios Narrative Report: A participant focused report that contains; 
- Graduate Scenarios profile 
- Feedback report (with development tips) breaking down the overall Managerial judgement results into each of the 3 sub-scales; Managing Objectives, People Management and Corporate Management. 

Graduate Scenarios Profile: Displays all scores on these scales in terms of four types of norm system; T-scores, Percentiles, Stens and Grades.",0,Yes,B
https://www.shl.com/products/product-catalog/view/hibernate-new/,Yes,"Multi-choice test that measures the knowledge of Hibernate architecture, Hibernate mapping and Hibernate query language(HQL).",5,Yes,K
https://www.shl.com/products/product-catalog/view/hipaa-security/,Yes,"The HIPAA (Security) test measures knowledge of compliance with the standards required by the Security and Electronic Signature Standards as they apply to HIPAA. Designed for healthcare professionals and concentrating on nontechnical as well as technical aspects of the HIPAA Standards for Security and Electronic Signatures, this test covers the following topics: Computer Mechanisms, Computer Models, General Knowledge, Implementation, Medical Records, Organization, Security Basics, and Setup.",15,Yes,K
https://www.shl.com/products/product-catalog/view/hipo-assessment-report-1-0/,Yes,"Part of SHL’s High Potential solution and developed from SHL’s extensive research into high-potential programs, the HIPO Assessment Report 1.0 helps organizations identify individuals with the strongest potential to succeed in senior and challenging roles. Using assessments such as the Motivation Questionnaire, OPQ, and Verify Cognitive Ability Tests, the report evaluates critical areas of aspiration, ability, and engagement. This version is used in regions where normed data for Verify Gen 1 and UCF 1 continue to provide the most relevant benchmarks, offering organizations proven insights for high-potential identification and talent development.",0,Yes,"C, P"
https://www.shl.com/products/product-catalog/view/hipo-assessment-report-2-0/,Yes,"Part of SHL’s High Potential solution and developed from SHL’s extensive research into high-potential programs, the HIPO Assessment Report 2.0 helps organizations identify individuals with the strongest potential to succeed in senior and challenging roles. Using assessments such as the Motivation Questionnaire, OPQ, and Verify Cognitive Ability Tests, the report evaluates critical areas of aspiration, ability, and engagement. This report equips organizations with data-driven insights for identifying and developing future leaders, helping to ensure long-term organizational success.",0,Yes,"C, P"
https://www.shl.com/products/product-catalog/view/hipo-unlocking-potential-report-2-0/,Yes,"This report draws insights from the Occupational Personality QuestionnaireTM (OPQ32). Used for individuals who are selected into a client’s HiPo program, it provides a detailed analysis of managerial and leadership potential.",0,Yes,C
https://www.shl.com/products/product-catalog/view/housekeeping-new/,Yes,"Multi-choice test that measures the knowledge of housekeeping activities such as cleaning, laundry, room maintenance and routine checks.",7,Yes,K
https://www.shl.com/products/product-catalog/view/htmlcss-new/,Yes,Multi-choice test that measures the knowledge of HTML to create a user interface and CSS to stylize it.,12,Yes,K
https://www.shl.com/products/product-catalog/view/html5-new/,Yes,Multi-choice test that measures the knowledge of HTML5 and its application in creating a user interface.,11,Yes,K
https://www.shl.com/products/product-catalog/view/human-resources-new/,Yes,"Multi-choice test that measures the candidate on his/her knowledge and understanding of the basic concepts of Human Resources Management like planning, training and development, performance appraisal, compensation management, etc. It also evaluates the candidate’s understanding of organizational behavior in different organizational structures.",8,Yes,K
https://www.shl.com/products/product-catalog/view/ibm-datastage-new/,Yes,"Multi-choice test that measures the knowledge on the concepts of Data Warehouse fundamentals, DataStage fundamentals, DataStage stages and, DataStage Designer & Director.",15,Yes,K
https://www.shl.com/products/product-catalog/view/ibm-sterling-order-management-system-new/,Yes,"Multi-choice test that measures the knowledge of the basic concepts of Sterling Order Management System installation, modeling, extensibility, inventory reservations, etc.",13,Yes,K
https://www.shl.com/products/product-catalog/view/industrial-engineering-new/,Yes,"Multi-choice test that measures the conceptual knowledge of design, quality control, reliability, management and costing of manufacturing systems.",9,Yes,K
https://www.shl.com/products/product-catalog/view/informatica-architecture-new/,Yes,"Multi-choice test that measures the knowledge of data warehousing, server architecture and administration, and real time implementation with Informatica.",10,Yes,K
https://www.shl.com/products/product-catalog/view/informatica-developer-new/,Yes,"Multi-choice test that measures the knowledge of data warehousing, server architecture and administration, and real time implementation with Informatica.",11,Yes,K
https://www.shl.com/products/product-catalog/view/instrumentation-engineering-new/,Yes,"Multi-choice test that measures the conceptual knowledge of instrumentation, electronics, signals and communication systems.",12,Yes,K
https://www.shl.com/products/product-catalog/view/interpersonal-communications/,Yes,"This adaptive test measures the candidate's knowledge of how to employ effective verbal and non-verbal communication to send his or her message and manage conflicts. It is designed for all professionals and covers the following topics: Communication and Perception, Group Communication and Teamwork, Intercultural Communication, Interpersonal Communication, Interviewing and Communication, Intrapersonal Communication, Listening, Nonverbal Communication, Technology in Communication, Verbal Communication, and Language.",15,Yes,K
https://www.shl.com/products/product-catalog/view/interviewing-and-hiring-concepts-u-s/,Yes,"The Interviewing and Hiring Concepts (U.S.) test measures knowledge of the interviewing  and hiring process. Designed for all employees and hiring managers, this test covers the following topics: Behavior Traits, Behavioral Interviewing, Candidate Fit, Interview Quality Control, Job Analysis, Legal Compliance, Probing Skills, Screening, Situational Interviews, and Types of Interviews.",15,Yes,K
https://www.shl.com/products/product-catalog/view/ios-development-new/,Yes,"Multi-choice test that measures the knowledge of Objective C, NSObject, iOS fundamentals and UI design on iOS phones.",7,Yes,K
https://www.shl.com/products/product-catalog/view/itil-it-infrastructure-library-new/,Yes,"Multi-choice test that measures the knowledge of capacity management, change management and problem management.",8,Yes,K
https://www.shl.com/products/product-catalog/view/java-2-platform-enterprise-edition-1-4-fundamental/,Yes,"The Java 2 Platform Enterprise Edition (J2EE) 1.4 Fundamentals test measures knowledge of basic J2EE 1.4 Fundamentals. Designed for entry-level users, this test covers the following topics: Business Component Development, J2EE 1.4 Architecture, JAX 1.2, JDBC 3.0, Supporting API, Web Component Development, and Web Service Development.",30,Yes,K
https://www.shl.com/products/product-catalog/view/java-8-new/,Yes,"Multi-choice test that measures the knowledge of Java class design, exceptions, generics, collections, concurrency, JDBC and Java I/O fundamentals.",18,Yes,K
https://www.shl.com/products/product-catalog/view/java-design-patterns-new/,Yes,Multi-choice test that measures the knowledge of the types of design patterns in Java and principles like threads and refactoring used in Java design patterns.,5,Yes,K
https://www.shl.com/products/product-catalog/view/java-frameworks-new/,Yes,"Multi-choice test that measures the knowledge of different Java frameworks - Struts, Hibernate and Spring.",17,Yes,K
https://www.shl.com/products/product-catalog/view/java-platform-enterprise-edition-7-java-ee-7/,Yes,"The Java Platform Enterprise Edition 7 (Java EE 7) test measures knowledge of the Java EE 7 architecture. Designed for Java programmers and architects, this test includes the following topics: Commonly-Used APIs, Component Technology, Database Access, JEE Application Architecture, JSP Extensions, Resource Management, Web Services, Webapp Control and View Technologies, and Webapp Technology.",30,Yes,K
https://www.shl.com/products/product-catalog/view/java-web-services-new/,Yes,"Multi-choice test that measures the knowledge of basic Java constructs, OOP concepts, file handling, exception handling, threads, generics and inner class.",8,Yes,K
https://www.shl.com/products/product-catalog/view/javascript-new/,Yes,Multi-choice test that measures knowledge of programming in the JavaScript language and its application in front-end development.,9,Yes,K
https://www.shl.com/products/product-catalog/view/jenkins-new/,Yes,"Multi-choice test that measures the knowledge of Jenkins configuration and deployment, plugins, nodes, build jobs and testing.",6,Yes,K
https://www.shl.com/products/product-catalog/view/job-control-language-new/,Yes,"Multi-choice test that measures the knowledge of JCL libraries, parameters, statements, datasets, generation of data groups and conditional processing.",10,Yes,K
https://www.shl.com/products/product-catalog/view/jquery-new/,Yes,"Multi-choice test that measures the knowledge of jQuery events and effects, jQuery animation, UI, references, and using jQuery with AJAX.",10,Yes,K
https://www.shl.com/products/product-catalog/view/kubernetes-new/,Yes,"Multi-choice test that measures the knowledge of the architecture, cluster and services of Kubernetes.",6,Yes,K
https://www.shl.com/products/product-catalog/view/linux-administration-new/,Yes,Multi-choice test that measures knowledge of the Linux operating system and its application in system administration and network administration.,10,Yes,K
https://www.shl.com/products/product-catalog/view/linux-operating-system/,Yes,"Multi-choice test that measures the knowledge of Linux system, command line, filesystem, memory management, and process management.",15,Yes,K
https://www.shl.com/products/product-catalog/view/linux-programming-general/,Yes,"The Linux Programming (General) test measures knowledge of programming in a Linux environment. Designed for experienced programmers, this test covers the following topics: AutoConf/AutoMake, Makefiles, C Programming, C++, Debugging Programs, Linux Programming Concepts, Platform Independence, Revision Control, RPC/CORBA, and X Programming.",25,Yes,K
https://www.shl.com/products/product-catalog/view/load-runner-new/,Yes,"Multi-choice test that measures the knowledge on the concepts of Load Runner architecture & installation, virtual user generator (VUGEN), controller, monitoring scenario and result analysis.",6,Yes,K
https://www.shl.com/products/product-catalog/view/management-scenarios/,Yes,"Managerial Scenarios is a unique test of Managerial Judgement - an individual’s ability to decide on effective ways of handling real life situations. It consists of hypothetical scenarios, each followed by several possible responses. Candidates rate the effectiveness of each response, using a 6-point scale, from highly undesirable to highly desirable. It can be used for recruitment, selection, training and development, performance management and coaching in a variety of functions and industries.

Reports available:

Management Scenarios Narrative Report:  A participant focused report that contains;  
 - Management Scenarios profile
 - Detailed narrative feedback of each of the 4 scales;  Managerial Judgement, Managing Objectives, People Management and Reputation Management.
 - Table of scores for each of the 6 style scales;  Big picture, Delegative, One-to-one, Team, Personal recognition and Company Protocol.
 - Detailed narrative feedback report (with development tips) for each of the 6 style scales.

Management Scenarios Candidate Report:  A report to share with the candidate that contains: 
 - Detailed narrative feedback of each of the 4 scales;  Managerial Judgement, Managing Objectives, People Management and Reputation Management.
 - Table of scores for each of the 6 style scales;  Big picture, Delegative, One-to-one, Team, Personal recognition and Company Protocol.
 - Detailed narrative feedback report (with development tips) for each of the 6 style scales.

Management Scenarios Profile:  Displays all scores on these scales in terms of four types of norm system; T-scores, Percentiles, Stens and Grades.",0,Yes,B
https://www.shl.com/products/product-catalog/view/managerial-scenarios-candidate-report/,Yes,"Managerial Scenarios is a unique test of Managerial Judgement - an individual’s ability to decide on effective ways of handling real life situations. It consists of hypothetical scenarios, each followed by several possible responses. Candidates rate the effectiveness of each response, using a 6-point scale, from highly undesirable to highly desirable. It can be used for recruitment, selection, training and development, performance management and coaching in a variety of functions and industries.

Reports available:

Management Scenarios Narrative Report:  A participant focused report that contains;  
 - Management Scenarios profile
 - Detailed narrative feedback of each of the 4 scales;  Managerial Judgement, Managing Objectives, People Management and Reputation Management.
 - Table of scores for each of the 6 style scales;  Big picture, Delegative, One-to-one, Team, Personal recognition and Company Protocol.
 - Detailed narrative feedback report (with development tips) for each of the 6 style scales.

Management Scenarios Candidate Report:  A report to share with the candidate that contains: 
 - Detailed narrative feedback of each of the 4 scales;  Managerial Judgement, Managing Objectives, People Management and Reputation Management.
 - Table of scores for each of the 6 style scales;  Big picture, Delegative, One-to-one, Team, Personal recognition and Company Protocol.
 - Detailed narrative feedback report (with development tips) for each of the 6 style scales.

Management Scenarios Profile:  Displays all scores on these scales in terms of four types of norm system; T-scores, Percentiles, Stens and Grades.",0,Yes,B
https://www.shl.com/products/product-catalog/view/managerial-scenarios-narrative-report/,Yes,"Managerial Scenarios is a unique test of Managerial Judgement - an individual’s ability to decide on effective ways of handling real life situations. It consists of hypothetical scenarios, each followed by several possible responses. Candidates rate the effectiveness of each response, using a 6-point scale, from highly undesirable to highly desirable. It can be used for recruitment, selection, training and development, performance management and coaching in a variety of functions and industries.

Reports available:

Management Scenarios Narrative Report:  A participant focused report that contains;  
 - Management Scenarios profile
 - Detailed narrative feedback of each of the 4 scales;  Managerial Judgement, Managing Objectives, People Management and Reputation Management.
 - Table of scores for each of the 6 style scales;  Big picture, Delegative, One-to-one, Team, Personal recognition and Company Protocol.
 - Detailed narrative feedback report (with development tips) for each of the 6 style scales.

Management Scenarios Candidate Report:  A report to share with the candidate that contains: 
 - Detailed narrative feedback of each of the 4 scales;  Managerial Judgement, Managing Objectives, People Management and Reputation Management.
 - Table of scores for each of the 6 style scales;  Big picture, Delegative, One-to-one, Team, Personal recognition and Company Protocol.
 - Detailed narrative feedback report (with development tips) for each of the 6 style scales.

Management Scenarios Profile:  Displays all scores on these scales in terms of four types of norm system; T-scores, Percentiles, Stens and Grades.",0,Yes,B
https://www.shl.com/products/product-catalog/view/managerial-scenarios-profile-report/,Yes,"Managerial Scenarios is a unique test of Managerial Judgement - an individual’s ability to decide on effective ways of handling real life situations. It consists of hypothetical scenarios, each followed by several possible responses. Candidates rate the effectiveness of each response, using a 6-point scale, from highly undesirable to highly desirable. It can be used for recruitment, selection, training and development, performance management and coaching in a variety of functions and industries.

Reports available:

Management Scenarios Narrative Report:  A participant focused report that contains;  
 - Management Scenarios profile
 - Detailed narrative feedback of each of the 4 scales;  Managerial Judgement, Managing Objectives, People Management and Reputation Management.
 - Table of scores for each of the 6 style scales;  Big picture, Delegative, One-to-one, Team, Personal recognition and Company Protocol.
 - Detailed narrative feedback report (with development tips) for each of the 6 style scales.

Management Scenarios Candidate Report:  A report to share with the candidate that contains: 
 - Detailed narrative feedback of each of the 4 scales;  Managerial Judgement, Managing Objectives, People Management and Reputation Management.
 - Table of scores for each of the 6 style scales;  Big picture, Delegative, One-to-one, Team, Personal recognition and Company Protocol.
 - Detailed narrative feedback report (with development tips) for each of the 6 style scales.

Management Scenarios Profile:  Displays all scores on these scales in terms of four types of norm system; T-scores, Percentiles, Stens and Grades.",0,Yes,B
https://www.shl.com/products/product-catalog/view/manual-testing-new/,Yes,"Multi-choice test that measures the knowledge of the software testing life cycle, testing tools and techniques, design of test cases and generation of test reports.",10,Yes,K
https://www.shl.com/products/product-catalog/view/mechanical-and-vigilance-focus-8-0/,Yes,"The Manufacturing & Industrial Mechanical & Vigilance Focus 8.0 Job-Focused Assessment 
measures the behaviors that underlie successful and safe performance in an 
industrial/manufacturing setting. This solution assesses process monitoring, mechanical 
comprehension and other foundational behaviors including behaving safely in the workplace; 
applying domain-related expertise; offering practical solutions; and attending to multiple tasks.
Potential job titles that use this solution include: Machine and Equipment Operators, 
Assemblers and Fitters, Maintenance/Repair Workers, Surveillance, and Quality Assurance 
Workers.",49,Yes,"A, P"
https://www.shl.com/products/product-catalog/view/safety-and-dependability-focus-8-0/,Yes,"The Manufacturing & Industrial Safety & Dependability Focus 8.0 Job-Focused Assessment 
measures the behaviors that underlie safe performance in a work setting. This solution 
assesses foundational behaviors including behaving safely in the workplace; complying with 
rules and regulations; applying domain-related expertise; and attending to multiple tasks.
Potential job titles that use this solution include: Machine and Equipment Operators, 
Laborers/Warehouse Workers, Assemblers & Fitters, Maintenance/Repair Workers, 
Dispatchers, Surveillance, Quality Assurance Workers, Material Handlers, and Truck/Ship 
Loaders",16,Yes,P
https://www.shl.com/products/product-catalog/view/essential-focus-8-0/,Yes,"The Manufacturing & Industrial Essential 8.0 Job-Focused Assessment measures the behaviors 
that underlie successful and safe performance in an industrial/manufacturing setting. This 
solution assesses foundational behaviors including behaving safely in the workplace; applying 
domain-related expertise; offering practical solutions; and attending to multiple tasks.
Potential job titles that use this solution include: Machining and Equipment Operators, 
Laborer/Warehouse, Assemblers and Fitters, Maintenance/Repair Workers, Dispatchers, 
Surveillance, Quality Assurance Workers, Material Handlers, and Truck/Ship Loaders.",16,Yes,P
https://www.shl.com/products/product-catalog/view/mechanical-focus-8-0/,Yes,"The Manufacturing & Industrial Mechanical Focus 8.0 Job-Focused Assessment measures the 
behaviors that underlie successful and safe performance in an industrial/manufacturing 
setting. This solution assesses mechanical comprehension and other foundational behaviors 
including behaving safely in the workplace; applying domain-related expertise; offering 
practical solutions; and attending to multiple tasks.
Potential job titles that use this solution include: Machine and Equipment Operators, 
Assemblers and Fitters, and Maintenance/Repair Workers.",31,Yes,"A, P"
https://www.shl.com/products/product-catalog/view/vigilance-focus-8-0/,Yes,"The Manufacturing and Industrial Vigilance Focus 8.0 Job-Focused Assessment measures the 
behaviors that underlie successful and safe performance in an industrial/manufacturing 
setting. This solution assesses process monitoring and other foundational behaviors including 
behaving safely in the workplace; applying domain-related expertise; offering practical 
solutions; and attending to multiple tasks.
Potential job titles that use this solution include: Machine and Equipment Operators, 
Assemblers & Fitters, Maintenance/ Repair Workers, Dispatchers, Surveillance, Quality 
Assurance Workers",34,Yes,"A, P"
https://www.shl.com/products/product-catalog/view/marketing-new/,Yes,"Multi-choice test that measures the conceptual knowledge of marketing principles, market research, consumer behavior, brand management, sales management, channel management and advertisement management.",9,Yes,K
https://www.shl.com/products/product-catalog/view/maven-new/,Yes,"Multi-choice test that measures the knowledge of Maven installation, dependencies, Project Object Model (POM), builds and plugins.",7,Yes,K
https://www.shl.com/products/product-catalog/view/mechanical-engineering-new/,Yes,"Multi-choice test that measures the conceptual knowledge of fluid and machine mechanics, thermodynamics, IC engines and manufacturing science.",7,Yes,K
https://www.shl.com/products/product-catalog/view/mechatronics-engineering-new/,Yes,"Multi-choice test that measures the knowledge related to basic mechatronics systems, components, sensors, feedback devices, control elements, actuators, computational elements and application of mechatronic systems.",19,Yes,K
https://www.shl.com/products/product-catalog/view/medical-terminology-new/,Yes,"Multi-choice test that measures the knowledge of different medical terms and abbreviations related to the human body, diseases and diagnosis.",3,Yes,K
https://www.shl.com/products/product-catalog/view/metallurgical-engineering-new/,Yes,"Multi-choice test that measures the knowledge of process metallurgy, industrial metallurgy and physical metallurgy.",10,Yes,K
https://www.shl.com/products/product-catalog/view/mfs-360-enterprise-leadership-report/,Yes,"The layout of this report follows the standard MFS 360 report but this is based on the Enterprise Leadership competency model, not the UCF model. The report text has been updated as well to reflect that.",0,Yes,D
https://www.shl.com/products/product-catalog/view/mfs-360-ucf-group-report/,Yes,"This report follows the standard layout of the 360 report but incorporates the average scores for a group of participants. The report can be generated for all participants on a project, or a dedicated group can be created in MFS for a group that includes participants across multiple projects. The report does not include the open questions even when they were part of the questionnaire. Developments tips are not available in this report.",0,Yes,D
https://www.shl.com/products/product-catalog/view/mfs-360-ucf-performance-potential-dev-tips-report/,Yes,"This report is more or less identical to the standard MFS report but with an additional section that looks at the performance versus the potential and plots the competencies on a four field grid to identify developed strengths, natural strengths, development need, or untapped potential.  The report text has been updated to reflect the inclusion of the OPQ, and the potential is also shown in the competency summary part of the report. The OPQ scores that feed into this report will need to be uploaded into MFS using an upload sheet based on a score extract from SODA or TC. This particular example report also includes development tips which are an optional extra.",0,Yes,D
https://www.shl.com/products/product-catalog/view/mfs-360-ucf-standard-report/,Yes,"This is the default MFS report. It is based on the UCF20 competency model. The report will only show those scales that were selected as part of the questionnaire setup. The importance rating, open questions and multiple choice questions are optional parts of the questionnaire. Only if those parts were added to the questionnaire will they show in the report. Open and multiple Choice questions are of the clients’ own design. The example report here does not include developments tips, but those can be added if requested (see performance and potential report for examples of that).",0,Yes,D
https://www.shl.com/products/product-catalog/view/micro-focus-unified-functional-testing-new/,Yes,Multi-choice test that measures the knowledge of automation testing using the QTP tool.,12,Yes,K
https://www.shl.com/products/product-catalog/view/microservices-new/,Yes,"Multi-choice test that measures the knowledge of Microservices architecture, SOA, and Microservices patterns.",7,Yes,K
https://www.shl.com/products/product-catalog/view/microsoft-dynamics-development-new/,Yes,"Multi-choice test that measures the knowledge of Microsoft Dynamics installation, sales process, service management, administration, configuration, entity model, workflows, dialogs, solutions, CRM web services and plugins.",9,Yes,K
https://www.shl.com/products/product-catalog/view/microsoft-excel-365-essentials-new/,Yes,"The Microsoft Excel 365 - Essentials simulation evaluates ability to perform certain operations in a simulated environment of MS Excel, and includes the following topics: Applying Formulas and Functions, Creating and Analyzing Data, Formatting Cells, Data, and Content, Managing Workbooks and Worksheets, Presenting Data Visually, Printing and Views, and Sharing, Maintaining, and Securing Workbooks.",30,Yes,"K, S"
https://www.shl.com/products/product-catalog/view/microsoft-excel-365-new/,Yes,"The Microsoft Excel 365 simulation evaluates ability to perform certain operations in a simulated environment of MS Excel, and includes the following topics: Applying Formulas and Functions, Creating and Analyzing Data, Formatting Cells, Data, and Content, Managing Workbooks and Worksheets, Presenting Data Visually, Printing and Views, and Sharing, Maintaining, and Securing Workbooks.",35,Yes,"K, S"
https://www.shl.com/products/product-catalog/view/microsoft-outlook-2013-adaptive/,Yes,"The Microsoft Outlook 2013 (adaptive) test measures knowledge of Microsoft Outlook 2013. Designed for professionals, this test includes the following topics: Application Management, Contacts and Address Books, Mail Management, Messages and Message Organization, Notes, Printing, Schedules and Calendars, Security, and Tasks.",25,Yes,K
https://www.shl.com/products/product-catalog/view/microsoft-powerpoint-365-essentials-new/,Yes,"The Microsoft PowerPoint 365 - Essentials simulation evaluates ability to perform certain operations in a simulated environment of Microsoft PowerPoint, and includes the following topics: Applying Transitions and Animations, Creating, Managing, and Saving Presentations, Formatting Presentation Content, Reviewing, Collaborating, and Delivering Presentations, and Working with Multimedia Elements, Images, and Illustrations.",25,Yes,"K, S"
https://www.shl.com/products/product-catalog/view/microsoft-sql-server-2014-programming/,Yes,"The Microsoft SQL Server 2014 Programming test measures knowledge of Microsoft Structure Query Language (SQL) Server 2014 Programming. Designed for experienced database programmers, this test covers the following topics: Beyond Relational, Control Flow, Data Types and NULL, Database Design, Developer Tools, Modifying Data, Running Queries, and Writing Queries.",35,Yes,K
https://www.shl.com/products/product-catalog/view/microsoft-windows-server-2012-administration/,Yes,"The Microsoft Windows Server 2012 Administration test measures knowledge of Windows Server Administration. Designed for experienced Network Administrators, this test includes the following topics: Active Directory, Administrative Tasks, Computer Properties, Configuration and Management, Design and Installation, Local Security Policy, Networking, Security, and Server Management.",35,Yes,K
https://www.shl.com/products/product-catalog/view/microsoft-word-365-essentials-new/,Yes,"The Microsoft Word 365 - Essentials simulation evaluates ability to perform certain operations in a simulated environment of Microsoft Word, and includes the following topics: Applying Illustrations and Graphics, Applying Page Layout, Creating Content, Creating, Printing, and Saving Documents, Formatting Content, Proofreading Documents and Reviewing, Maintaining, and Securing Documents.",25,Yes,"K, S"
https://www.shl.com/products/product-catalog/view/microsoft-word-365-new/,Yes,"The Microsoft Word 365 simulation evaluates ability to perform certain operations in a simulated environment of Microsoft Word, and includes the following topics: Applying Illustrations and Graphics, Applying Page Layout, Creating Content, Creating, Printing, and Saving Documents, Formatting Content, Proofreading Documents and Reviewing, Maintaining, and Securing Documents.",35,Yes,"S, K"
https://www.shl.com/products/product-catalog/view/mineral-engineering-new/,Yes,"Multi-choice test that measures the knowledge of comminution and classification, physical separation process, particle technology, metallurgical thermodynamics, mineralogy, petrology and stratigraphy.",12,Yes,K
https://www.shl.com/products/product-catalog/view/mining-engineering-new/,Yes,"Multi-choice test that measures the knowledge of mining methods, mineral processing, mining machinery, mineralogy, petrology and stratigraphy.",16,Yes,K
https://www.shl.com/products/product-catalog/view/mobility-new/,Yes,Multi-choice test that measures the knowledge on topics related to mobility and mobile computing.,9,Yes,K
https://www.shl.com/products/product-catalog/view/molecular-biology-new/,Yes,"Multi-choice test that measures the knowledge of molecular genetics, transgenics, rDNA technology, chromosomal genetics, transformation and related processes.",6,Yes,K
https://www.shl.com/products/product-catalog/view/mongodb-new/,Yes,"Multi-choice test that measures the conceptual knowledge of MongoDB like sharding, replication, indexing, security and storage. It also checks the knowledge of MongoDB queries and data models.",7,Yes,K
https://www.shl.com/products/product-catalog/view/motivation-questionnaire-mqm5/,Yes,"By understanding what motivates their staff, managers can unlock each individual’s full potential and direct their energies more constructively. This questionnaire measures 18 dimensions of an individual’s motivation, and provides a comprehensive understanding of those situations which increase and reduce their motivation.",25,Yes,P
https://www.shl.com/products/product-catalog/view/mq-candidate-motivation-report/,Yes,The Candidate Motivation Report is designed as a feedback report for the individual. It provides an in-depth and easy-to-understand evaluation of an individuals motivators and demotivators at work.,0,Yes,P
https://www.shl.com/products/product-catalog/view/mq-employee-motivation-report/,Yes,"The MQ Employee Motivation Report is ideal for use by line managers and those concerned with employee’s performance and well being, the Employee Motivation Report provides an in-depth and easy-to-understand evaluation of what motivates and de-motivates someone. It also offers a comprehensive list of tips and suggestions for managing the employee’s strongest motivators and demotivators.",0,Yes,P
https://www.shl.com/products/product-catalog/view/mq-motivation-report-pack/,Yes,"The MQ Report pack consists of the Profile Chart, Employee Motivation Report and the Candidate Report and is a cost effective way of ensuring that your organisation takes a comprehensive approach to understanding what motivates its employees.",0,Yes,P
https://www.shl.com/products/product-catalog/view/mq-profile/,Yes,"The profile chart is the Sten score graphical output of the MQ. It clearly shows the individual’s motivational drivers compared to the selected norm group as well as highlighting any unique scores.Please note this report is currently being updated on Talent Central as part of a reporting refresh project, and there may be visual differences when comparing Talent Central reports to ones generated on other assessment platforms. Differences are regarding the layout and display of the reports only and do not affect the underlying scoring. When viewing sample reports, please ensure you select the appropriate language and platform example.Where a sample report has no platform indicated, it is available on both the Talent Central and SODA platforms.",0,Yes,P
https://www.shl.com/products/product-catalog/view/ms-access-new/,Yes,Multi-choice test that measures the knowledge and basic understanding of MS Access programming.,7,Yes,K
https://www.shl.com/products/product-catalog/view/ms-excel-new/,Yes,"Multi-choice test that measures the ability to use MS Excel to maintain, organize, analyze and present numeric data.",6,Yes,K
https://www.shl.com/products/product-catalog/view/ms-office-basic-computer-literacy-new/,Yes,"Multi-choice test that measures the ability to use MS Word, MS Excel and MS PowerPoint to perform basic tasks on a computer.",7,Yes,K
https://www.shl.com/products/product-catalog/view/ms-office-basic-computer-literacy-sim-new/,Yes,"Simulation based test that measures the ability to use basic computer operations, browser navigation, MS office and email.",5,Yes,S
https://www.shl.com/products/product-catalog/view/ms-powerpoint-new/,Yes,"Multi-choice test that measures the knowledge of MS PowerPoint toolbars, slide layouts, animation, slideshow, slide designs and formats.",4,Yes,K
https://www.shl.com/products/product-catalog/view/ms-word-new/,Yes,Multi-choice test that measures the ability to use MS Word to record and save textual information.,4,Yes,K
https://www.shl.com/products/product-catalog/view/mulesoft-development-new/,Yes,"Multi-choice test that measures the knowledge of MuleSoft basic concepts, APIs and web services, Mule flow and scope, connectors and deployment.",17,Yes,K
https://www.shl.com/products/product-catalog/view/multitasking-ability/,Yes,"The Multitasking Ability assessment is a measure of one’s ability to adeptly work on more than one task simultaneously, while maintaining efficiency and effectiveness when interrupted or switching between tasks.  This test is a face-valid, split-screen simulation that is designed to assess multitasking ability. It captures the dynamic nature of the working environment by presenting the candidate with multiple types of items in a timed format. Candidates will be required to complete problem-solving items that are presented on one side of the screen, while at the same time attending to emails that are presented within an email inbox on the other side of the screen.",20,Yes,"A, K, S"
https://www.shl.com/products/product-catalog/view/networking-and-implementation-new/,Yes,"Multi-choice test that measures the knowledge of networking devices, protocols, reference models, routing and implementation of networks.",7,Yes,K
https://www.shl.com/products/product-catalog/view/node-js-new/,Yes,"Multi-choice test that measures the basic knowledge of Node.js such as events, streams, file system, error handling, concurrency, DB handling and express framework.",9,Yes,K
https://www.shl.com/products/product-catalog/view/nursing-new/,Yes,Multi-choice test that measures the knowledge of carrying out various nursing tasks.,11,Yes,K
https://www.shl.com/products/product-catalog/view/occupational-personality-questionnaire-opq32r/,Yes,"The SHL Occupational Personality Questionnaire, the OPQ32, is one of the most widely used and respected measures of workplace behavioural style in the world. It sets a high standard of measurement excellence, providing HR professionals and business managers with relevant and accurate information to make fast and well-informed people decisions. The OPQ32 provides a clear framework for understanding the impact of personality on job performance. It is internationally recognised for its accuracy of assessment. Over 90 independent validation studies have been conducted on the OPQ over a period of 25 years, across 20 countries and 40 industries, providing concrete evidence of its power to predict performance in the workplace.",25,Yes,P
https://www.shl.com/products/product-catalog/view/operations-management-new/,Yes,"Multi-choice test that measures the knowledge of planning, product design and development, quality management and supply chain management.",7,Yes,K
https://www.shl.com/products/product-catalog/view/opq-candidate-plus-report/,Yes,A brief narrative OPQ (Occupational Personality Questionnaire) report designed to be given to the individual who completed the OPQ.,0,Yes,P
https://www.shl.com/products/product-catalog/view/opq-candidate-report-2-0/,Yes,A brief narrative OPQ (Occupational Personality Questionnaire) report structure around 3 OPQ profile sections which can be given to candidates to keep after a feedback session,0,Yes,P
https://www.shl.com/products/product-catalog/view/opq-emotional-intelligence-report/,Yes,This OPQ (Occupational Personality Questionnaire) report explores how a person manages feelings and relationships with other people.  It is intended for use in a development setting.,0,Yes,P
https://www.shl.com/products/product-catalog/view/opq-leadership-report/,Yes,"This OPQ (Occupational Personality Questionnaire) report provides a detailed analysis of an individual's leadership potential.  It is based on SHL's leading edge Leadership Model, providing a competency based approach to leadership.",0,Yes,P
https://www.shl.com/products/product-catalog/view/opq-manager-plus-report/,Yes,"This concise OPQ (Occupational Personality Questionnaire) report is designed for use with and by managers.  It uses clear succinct bullets and tables for ease of interpretation.  It provide simple comments on each of the personality traits.Please note this report is currently being updated on Talent Central as part of a reporting refresh project, and there may be visual differences when comparing Talent Central reports to ones generated on other assessment platforms. Differences are regarding the layout and display of the reports only and do not affect the underlying scoring. When viewing sample reports, please ensure you select the appropriate language and platform example.Where a sample report has no platform indicated, it is available on both the Talent Central and SODA platforms.",0,Yes,P
https://www.shl.com/products/product-catalog/view/opq-manager-plus-report-2-0/,Yes,This concise OPQ (Occupational Personality Questionnaire) report is designed for use with and by managers. It uses clear succinct bullets and tables for ease of interpretation. It provides simple comments on each of the personality traits.,0,Yes,P
https://www.shl.com/products/product-catalog/view/opq-maximising-your-learning-report/,Yes,This OPQ (Occupational Personality Questionnaire) report is designed to help people get the most from their development.  It summarises the preferred approach to learning across four dimensions.,0,Yes,P
https://www.shl.com/products/product-catalog/view/opq-mq-sales-report/,Yes,"This OPQ (Occupational Personality Questionnaire) report provides a graphical and narrative summary of an individual's natural style that is critical to sales success. It can also, optionally, use input from the SHL Motivation Questionnaire (MQ) to add information about the sales motivators and drives of an individual. 
Note: updated versions of Turkish, Hungarian and Indonesian Sales Report were launched on 01 July 2013.Please note this report is currently being updated on Talent Central as part of a reporting refresh project, and there may be visual differences when comparing Talent Central reports to ones generated on other assessment platforms. Differences are regarding the layout and display of the reports only and do not affect the underlying scoring. When viewing sample reports, please ensure you select the appropriate language and platform example.Where a sample report has no platform indicated, it is available on both the Talent Central and SODA platforms.",0,Yes,P
https://www.shl.com/products/product-catalog/view/opq-premium-plus-report/,Yes,"This OPQ (Occupational Personality Questionnaire) report contains a selection of reports including OPQ profile, user report, manager plus report, candidate plus report, universal competency report, team impact selection report.",0,Yes,P
https://www.shl.com/products/product-catalog/view/opq-premium-plus-report-2-0/,Yes,"This OPQ (Occupational Personality Questionnaire) report contains a selection of reports including OPQ profile, user report, manager plus report, candidate plus report, universal competency report, team impact selection report.",0,Yes,P
https://www.shl.com/products/product-catalog/view/opq-profile-report/,Yes,"This is a graphical profile charts presenting results across the 32 OPQ scales. It is designed to be interpreted by OPQ trained users only.Please note this report is currently being updated on Talent Central as part of a reporting refresh project, and there may be visual differences when comparing Talent Central reports to ones generated on other assessment platforms. Differences are regarding the layout and display of the reports only and do not affect the underlying scoring. When viewing sample reports, please ensure you select the appropriate language and platform example.Where a sample report has no platform indicated, it is available on both the Talent Central and SODA platforms.",0,Yes,P
https://www.shl.com/products/product-catalog/view/opq-team-impact-group-development-report/,Yes,"These reports are based on the SHL Team Impact Model, which is focused on actual team processes.  They are supported by clear and easy to understand graphics which do not require OPQ training.“IMPORTANT! Please note that for a sample report contact Managed Services"".",0,Yes,P
https://www.shl.com/products/product-catalog/view/opq-team-impact-individual-development-report/,Yes,"These reports are based on the SHL Team Impact Model, which is focused on actual team processes.  They are supported by clear and easy to understand graphics which do not require OPQ training.",0,Yes,P
https://www.shl.com/products/product-catalog/view/opq-team-impact-selection-report/,Yes,"These reports are based on the SHL Team Impact Model, which is focused on actual team processes.  They are supported by clear and easy to understand graphics which do not require OPQ training.",0,Yes,P
https://www.shl.com/products/product-catalog/view/opq-team-types-and-leadership-styles-profile/,Yes,This OPQ (Occupational Personality Questionnaire) report is based on Belbin's team types and Bass's leadership and reporting styles.  Belbins team types: individual preferred role when working in ateam.  Bass's leadership and reporting styles: individuals preferred leadership styles and likely style of behaviour as a direct report.,0,Yes,P
https://www.shl.com/products/product-catalog/view/opq-team-types-and-leadership-styles-report/,Yes,This OPQ (Occupational Personality Questionnaire) report is based on Belbin's team types and Bass's leadership and reporting styles.  Belbins team types: individual preferred role when working in ateam.  Bass's leadership and reporting styles: individuals preferred leadership styles and likely style of behaviour as a direct report.,0,Yes,P
https://www.shl.com/products/product-catalog/view/opq-ucf-development-action-planner-report/,Yes,"This OPQ (Occupational Personality Questionnaire) report provides clear and relevant information about an individual's strengths and areas for development, for use in staff development and on-boarding situations.Please note this report is currently being updated on Talent Central as part of a reporting refresh project, and there may be visual differences when comparing Talent Central reports to ones generated on other assessment platforms. Differences are regarding the layout and display of the reports only and do not affect the underlying scoring. When viewing sample reports, please ensure you select the appropriate language and platform example.Where a sample report has no platform indicated, it is available on both the Talent Central and SODA platforms.",0,Yes,P
https://www.shl.com/products/product-catalog/view/opq-ucf-development-action-planner-report-2-0/,Yes,"This OPQ (Occupational Personality Questionnaire) report provides clear and relevant information about an individual's strengths and areas for development, for use in staff development and on-boarding situations.",0,Yes,P
https://www.shl.com/products/product-catalog/view/opq-universal-competency-report/,Yes,"This OPQ (Occupational Personality Questionnaire) report is based on the Universal Competency framework.  It graphically outlines how an individual's typical way of behaving is likely to impact on competencies.  It provides a graphical scale for each competency and summarises aspects of personality which contribute (positively or negatively) to each competency.Please note this report is currently being updated on Talent Central as part of a reporting refresh project, and there may be visual differences when comparing Talent Central reports to ones generated on other assessment platforms. Differences are regarding the layout and display of the reports only and do not affect the underlying scoring. When viewing sample reports, please ensure you select the appropriate language and platform example.Where a sample report has no platform indicated, it is available on both the Talent Central and SODA platforms.",0,Yes,P
https://www.shl.com/products/product-catalog/view/opq-universal-competency-report-2-0/,Yes,This OPQ (Occupational Personality Questionnaire) report is based on the Universal Competency framework.  It graphically outlines how an individual's typical way of behaving is likely to impact on competencies.  It provides a graphical scale for each competency and summarises aspects of personality which contribute (positively or negatively) to each competency.,0,Yes,P
https://www.shl.com/products/product-catalog/view/opq-user-and-managers-report/,Yes,"This OPQ (Occupational Personality Questionnaire) report consists of two reports. The User Report includes a Profile Chart and narrative text, focusing on an individuals likely way of behaving at work.  The Manager's Report describes the individual's personal style in narrative text that can be given directly to a line manager.
These reports can be used as an interpretation aid when giving feedback, writing reports, or interpreting OPQ information.",0,Yes,P
https://www.shl.com/products/product-catalog/view/opq-user-report/,Yes,"This OPQ (Occupational Personality Questionnaire) report includes a Profile Chart and narrative text, focusing on an individuals likely way of behaving at work.  It can be used as an interpretation aid when giving feedback, writing reports, or interpreting OPQ information.",0,Yes,"P, S"
